{"cameraMode":{"drawMode":0,"name":"Shaded","section":"Shading Mode"},"sceneLighting":false,"audioPlay":false,"sceneViewState":{"m_AlwaysRefresh":false,"showFog":true,"showSkybox":false,"showFlares":true,"showImageEffects":true,"showParticleSystems":true,"showVisualEffectGraphs":true,"m_FxEnabled":true},"in2DMode":false,"pivot":{"x":-0.046435415744781497,"y":0.9702784419059753,"z":-0.13742175698280335},"rotation":{"x":-0.6436284184455872,"y":-0.011023266240954399,"z":0.009268743917346,"w":-0.7652125358581543},"size":0.2303532510995865,"orthographic":false}