{"cameraMode":{"drawMode":0,"name":"Shaded","section":"Shading Mode"},"sceneLighting":false,"audioPlay":false,"sceneViewState":{"m_AlwaysRefresh":false,"showFog":true,"showSkybox":false,"showFlares":true,"showImageEffects":true,"showParticleSystems":true,"showVisualEffectGraphs":true,"m_FxEnabled":true},"in2DMode":false,"pivot":{"x":-0.016405686736106874,"y":0.699999988079071,"z":0.022410698235034944},"rotation":{"x":-0.7222674489021301,"y":0.05411963909864426,"z":-0.05688532814383507,"w":-0.687149167060852},"size":0.546227216720581,"orthographic":false}