{"cameraMode":{"drawMode":0,"name":"Shaded","section":"Shading Mode"},"sceneLighting":true,"audioPlay":false,"sceneViewState":{"m_AlwaysRefresh":false,"showFog":true,"showSkybox":true,"showFlares":true,"showImageEffects":true,"showParticleSystems":true,"showVisualEffectGraphs":true,"m_FxEnabled":true},"in2DMode":false,"pivot":{"x":-1.8309993743896485,"y":7.824999809265137,"z":-0.20100021362304688},"rotation":{"x":-0.6953136324882507,"y":-0.008008546195924282,"z":0.007720341440290213,"w":-0.7186418771743774},"size":6.039811611175537,"orthographic":true}