{"cameraMode":{"drawMode":0,"name":"Shaded","section":"Shading Mode"},"sceneLighting":true,"audioPlay":false,"sceneViewState":{"m_AlwaysRefresh":false,"showFog":true,"showSkybox":true,"showFlares":true,"showImageEffects":true,"showParticleSystems":true,"showVisualEffectGraphs":true,"m_FxEnabled":true},"in2DMode":false,"pivot":{"x":1.9569025039672852,"y":0.9544333815574646,"z":0.35236185789108279},"rotation":{"x":-0.61336350440979,"y":-0.0007135896012187004,"z":0.0005529643385671079,"w":-0.7898060083389282},"size":6.22940731048584,"orthographic":true}