{"cameraMode":{"drawMode":0,"name":"Shaded","section":"Shading Mode"},"sceneLighting":true,"audioPlay":false,"sceneViewState":{"m_AlwaysRefresh":false,"showFog":true,"showSkybox":true,"showFlares":true,"showImageEffects":true,"showParticleSystems":true,"showVisualEffectGraphs":true,"m_FxEnabled":true},"in2DMode":false,"pivot":{"x":-2.1254091262817385,"y":12.560320854187012,"z":-1.119629144668579},"rotation":{"x":0.7161272168159485,"y":-0.008990968577563763,"z":0.009217745624482632,"w":0.6978695392608643},"size":0.3508702218532562,"orthographic":true}