{"cameraMode":{"drawMode":0,"name":"Shaded","section":"Shading Mode"},"sceneLighting":true,"audioPlay":false,"sceneViewState":{"m_AlwaysRefresh":false,"showFog":true,"showSkybox":true,"showFlares":true,"showImageEffects":true,"showParticleSystems":true,"showVisualEffectGraphs":true,"m_FxEnabled":true},"in2DMode":false,"pivot":{"x":-0.06140095740556717,"y":13.087641716003418,"z":-1.358566403388977},"rotation":{"x":-0.6656350493431091,"y":-0.009434551000595093,"z":0.008387553505599499,"w":-0.7461921572685242},"size":0.5595062375068665,"orthographic":true}