{"cameraMode":{"drawMode":0,"name":"Shaded","section":"Shading Mode"},"sceneLighting":true,"audioPlay":false,"sceneViewState":{"m_AlwaysRefresh":false,"showFog":true,"showSkybox":true,"showFlares":true,"showImageEffects":true,"showParticleSystems":true,"showVisualEffectGraphs":true,"m_FxEnabled":true},"in2DMode":false,"pivot":{"x":0.19777415692806245,"y":-20.253154754638673,"z":4.735036373138428},"rotation":{"x":-0.6204460263252258,"y":-0.0018867780454456807,"z":0.0014879738446325064,"w":-0.784247636795044},"size":11.245858192443848,"orthographic":false}