{"cameraMode":{"drawMode":0,"name":"Shaded","section":"Shading Mode"},"sceneLighting":false,"audioPlay":false,"sceneViewState":{"m_AlwaysRefresh":false,"showFog":true,"showSkybox":false,"showFlares":true,"showImageEffects":true,"showParticleSystems":true,"showVisualEffectGraphs":true,"m_FxEnabled":true},"in2DMode":false,"pivot":{"x":-0.7270411252975464,"y":7.344405174255371,"z":-1.5234599113464356},"rotation":{"x":-0.5965392589569092,"y":-0.015161889605224133,"z":0.01128864474594593,"w":-0.8023706674575806},"size":0.21650634706020356,"orthographic":false}