{"cameraMode":{"drawMode":0,"name":"Shaded","section":"Shading Mode"},"sceneLighting":false,"audioPlay":false,"sceneViewState":{"m_AlwaysRefresh":false,"showFog":true,"showSkybox":false,"showFlares":true,"showImageEffects":true,"showParticleSystems":true,"showVisualEffectGraphs":true,"m_FxEnabled":true},"in2DMode":false,"pivot":{"x":1.942598581314087,"y":-1.011950969696045,"z":1.4172135591506959},"rotation":{"x":-0.4504695236682892,"y":-0.019317829981446267,"z":0.009713741019368172,"w":-0.8925460577011108},"size":1.4282366037368775,"orthographic":false}