{"cameraMode":{"drawMode":0,"name":"Shaded","section":"Shading Mode"},"sceneLighting":false,"audioPlay":false,"sceneViewState":{"m_AlwaysRefresh":false,"showFog":true,"showSkybox":false,"showFlares":true,"showImageEffects":true,"showParticleSystems":true,"showVisualEffectGraphs":true,"m_FxEnabled":true},"in2DMode":false,"pivot":{"x":-1.8310003280639649,"y":7.8250017166137699,"z":-0.20100025832653047},"rotation":{"x":-0.6476515531539917,"y":0.09915649890899658,"z":-0.08560839295387268,"w":-0.7506142258644104},"size":0.9758108854293823,"orthographic":true}