{"cameraMode":{"drawMode":0,"name":"Shaded","section":"Shading Mode"},"sceneLighting":false,"audioPlay":false,"sceneViewState":{"m_AlwaysRefresh":false,"showFog":true,"showSkybox":false,"showFlares":true,"showImageEffects":true,"showParticleSystems":true,"showVisualEffectGraphs":true,"m_FxEnabled":true},"in2DMode":false,"pivot":{"x":-1.8309999704360963,"y":7.824999809265137,"z":-0.20100000500679017},"rotation":{"x":0.6380746960639954,"y":-0.34340164065361025,"z":0.3819352090358734,"w":0.5736697912216187},"size":0.8660253882408142,"orthographic":true}