{"cameraMode":{"drawMode":0,"name":"Shaded","section":"Shading Mode"},"sceneLighting":false,"audioPlay":false,"sceneViewState":{"m_AlwaysRefresh":false,"showFog":true,"showSkybox":false,"showFlares":true,"showImageEffects":true,"showParticleSystems":true,"showVisualEffectGraphs":true,"m_FxEnabled":true},"in2DMode":false,"pivot":{"x":0.01859895884990692,"y":0.699999988079071,"z":0.041981540620326999},"rotation":{"x":-0.7222674489021301,"y":0.05411963909864426,"z":-0.05688532814383507,"w":-0.687149167060852},"size":0.2578411102294922,"orthographic":false}