{"cameraMode":{"drawMode":0,"name":"Shaded","section":"Shading Mode"},"sceneLighting":false,"audioPlay":false,"sceneViewState":{"m_AlwaysRefresh":false,"showFog":true,"showSkybox":false,"showFlares":true,"showImageEffects":true,"showParticleSystems":true,"showVisualEffectGraphs":true,"m_FxEnabled":true},"in2DMode":false,"pivot":{"x":0.6074373722076416,"y":0.949999988079071,"z":0.32635167241096499},"rotation":{"x":-0.6530078053474426,"y":-0.02206082083284855,"z":0.01900819130241871,"w":-0.7568119764328003},"size":0.892285943031311,"orthographic":true}