{"cameraMode":{"drawMode":0,"name":"Shaded","section":"Shading Mode"},"sceneLighting":false,"audioPlay":false,"sceneViewState":{"m_AlwaysRefresh":false,"showFog":true,"showSkybox":false,"showFlares":true,"showImageEffects":true,"showParticleSystems":true,"showVisualEffectGraphs":true,"m_FxEnabled":true},"in2DMode":false,"pivot":{"x":-0.00013215839862823486,"y":0.699999988079071,"z":0.008964279666543007},"rotation":{"x":-0.09964019805192948,"y":-0.04389259219169617,"z":0.004377694334834814,"w":-0.9940614104270935},"size":0.1937946081161499,"orthographic":true}