{"cameraMode":{"drawMode":0,"name":"Shaded","section":"Shading Mode"},"sceneLighting":false,"audioPlay":false,"sceneViewState":{"m_AlwaysRefresh":false,"showFog":true,"showSkybox":false,"showFlares":true,"showImageEffects":true,"showParticleSystems":true,"showVisualEffectGraphs":true,"m_FxEnabled":true},"in2DMode":false,"pivot":{"x":-0.10603735595941544,"y":1.046004056930542,"z":-0.05496377497911453},"rotation":{"x":-0.6870079636573792,"y":-0.022442487999796869,"z":0.02123708464205265,"w":-0.7260010838508606},"size":0.21511664986610413,"orthographic":false}